{"cameraMode":{"drawMode":0,"name":"Shaded","section":"Shading Mode"},"sceneLighting":true,"audioPlay":false,"sceneViewState":{"showFog":true,"showMaterialUpdate":false,"showSkybox":true,"showFlares":true,"showImageEffects":true,"showParticleSystems":true},"in2DMode":false,"pivot":{"x":0.49354201555252077,"y":0.6733875274658203,"z":-2.9130859375},"rotation":{"x":0.007190406322479248,"y":-0.011402682401239872,"z":-0.00006590520933968946,"w":-0.9999197721481323},"size":11.769885063171387,"orthographic":false}