{"cameraMode":{"drawMode":0,"name":"Shaded","section":"Shading Mode"},"sceneLighting":false,"audioPlay":false,"sceneViewState":{"showFog":true,"showMaterialUpdate":false,"showSkybox":false,"showFlares":true,"showImageEffects":true,"showParticleSystems":true},"in2DMode":false,"pivot":{"x":-6.939999580383301,"y":0.571624755859375,"z":0.2825918197631836},"rotation":{"x":0.01468291413038969,"y":0.03058929182589054,"z":0.00044947685091756284,"w":-0.999424934387207},"size":1.5433366298675538,"orthographic":false}